lrmoo:F2,rdae:P20001,rdae:P20006,rdae:P20346,lrmoo:R75,crm:P65i,lrmoo:R4i
giuoco-marca-stella-e,rdaco:1014,it,,,,giuoco-marca-stella-m
giuoco-baruchello-e,rdaco:1014,,,,gdo-e,giuoco-baruchello-m
just-what-e,rdaco:1014,,,young-romance-e,,just-what-m
young-romance-e,rdaco:1014,en-US,,,,young-romance-m
young-romance-e,rdaco:1020,,,,,
vak-vak-e,rdaco:1014,,,,symbols-transformation-e,vak-vak-m
symbols-transformation-e,rdaco:1020,it,renato-raho,,,simboli-trasformazione-m
marilyn-photo-e,rdaco:1014,,,,,marilyn-photo-m
marilyn-song-e,rdaco:1011,en-US,,,marilyn-photo-e,marilyn-song-m
cassa-sistina-e,rdaco:1021,,,,,cassa-sistina-m
vampyr-e,rdaco:1023,de,,,,vampyr-m
occhio-degli-occhi-e,rdaco:1014,,,chapter-LXXXIV,,occhio-degli-occhi-m
lady-from-shanghai-e,rdaco:1023,en-US,,,,lady-from-shanghai-m
go-for-your-money-e,rdaco:1014,,,,,go-for-your-money-m